id,location_id
5svy0EhkF9zMrNOu65PHysIT1CgZY,LV2XZS82XY1QP
35gVxVXkWdWou4DRJUXU6bffLGDZY,LV2XZS82XY1QP
VUS3l0ra1oLrs1G9UcGKctmZbLNZY,LV2XZS82XY1QP
FU6BBIb5lgNN4ezJo8YYVGBor0CZY,LV2XZS82XY1QP
TtZ4vOJa0tKIRfUTDOPIVc9y8kSZY,LV2XZS82XY1QP
dk45czlbXWqudbAMaZ6MUQWaXMKZY,LV2XZS82XY1QP
9M4fYq5tBgDKgDsWNPo7aTaUZOVZY,LV2XZS82XY1QP
LdHKfiwB6ulvjs8O9TPyMGxiKwLZY,LV2XZS82XY1QP
pwBwuzR6a1aogOoq7lEXjCQU07cZY,LV2XZS82XY1QP
tSPtZTkLngcNATT7s4IBWuJD00HZY,LV2XZS82XY1QP
tIaVbIglQ6cQQiEhJvNcO4YTnM8YY,LV2XZS82XY1QP
Tnu0ns4hQwuqDnv2rCxKgCCrc0IZY,LV2XZS82XY1QP
nFujbtaz2XasF4wSujYEFezO9SYZY,LV2XZS82XY1QP
VMQ0lBFaVsLhyeE5faUBt630qaXZY,LV2XZS82XY1QP
FE2H9jUaHPl1GjG4wfSD7duX9yXZY,LV2XZS82XY1QP
FWl2BWkhUhYLQ5jjr0XCAQ0jcZ6YY,LV2XZS82XY1QP
TZZXGvPwxKcoEp63C9jkdmnLrcCZY,LV2XZS82XY1QP
vZKxzKlebecfC6VwStCcal94E7NZY,LV2XZS82XY1QP
n3piYo4zqKg87GhQCzmvPyT2SJKZY,LV2XZS82XY1QP
bxdeVgtAynj30jMlUkXof0bkTa7YY,LV2XZS82XY1QP
X1MEPZf5RPFdpNchrqX8ffrwdjJZY,LV2XZS82XY1QP
ZQ5qGrKWeYNh5kQdmzQoe6QIPDIZY,LV2XZS82XY1QP
9eF5skqpFGQXpwU8BXiyEmIrt0FZY,LV2XZS82XY1QP
hOYxTQsjjQk0usWYgstnTShfCXIZY,LV2XZS82XY1QP
1U2TmHtyhS7ofSBNrDIsF7iSzVQZY,LV2XZS82XY1QP
Ze6b2Ydk5EbGoHcfO94la5Xj6RIZY,LV2XZS82XY1QP
DDCz4bd18LJ9uAwim3T7hxUqXPYZY,LV2XZS82XY1QP
77QR7dfavLyvFlwVAToK2oDKZMHZY,LV2XZS82XY1QP
5Ga5WZWmjKhlp13dMWliUMprdGLZY,LV2XZS82XY1QP
fzrzcEnH21ztJBK4nXndO9rsrMDZY,LV2XZS82XY1QP
l61JloIa6CvQ2zAPYEhRzVv8fJHZY,LV2XZS82XY1QP
t0sPNOWreRWiyGdV6DBQYRa7XT6YY,LV2XZS82XY1QP
HvD94WhpFXuTVJUWUqZfBhhoIqdZY,LV2XZS82XY1QP
FSBZVhJ0ofQBoFYfKfPZZ96AV9CZY,LV2XZS82XY1QP
bx5Ul4kROEGa7ZdKOiN1ThQqVhKZY,LV2XZS82XY1QP
LxHz8VwHxFWbVJbwiMqMsXZD4yEZY,LV2XZS82XY1QP
v5wSqW6DAQO6gH6nKq9KUBkcVRdZY,LV2XZS82XY1QP
rVbUMSg3coXM4SDxPpnnkIwU1kbZY,LV2XZS82XY1QP
F2jpjWFa3f8YMgnLDt3AtDVx9EHZY,LV2XZS82XY1QP
lOrpwxZotP9DmFusbAFOXFUl1lHZY,LV2XZS82XY1QP
R6kiNVv10PkajQ4iJAx6ZHC9aGVZY,LV2XZS82XY1QP
BuYVTEs5Y0EBkyrdoIjFRZEb9d8YY,LV2XZS82XY1QP
jhRboUItQlC0Z8WYOG7icf3H3iAZY,LV2XZS82XY1QP
9kgtKj3oQ2rgLAWhtm45d4zTcuPZY,LV2XZS82XY1QP
hULTYSPPlluvqSD8S65VcMWk6WdZY,LV2XZS82XY1QP
v1aEMy3f33S6q3apwzZ8TsqjfxIZY,LV2XZS82XY1QP
VcAUtIyjQvQNFZn46nbClRA2fAWZY,LV2XZS82XY1QP
NAmDqrd2efSIbKnFhVDiclVKLIIZY,LV2XZS82XY1QP
Hv5AujLhnptL5vSspg6m5tBridXZY,LV2XZS82XY1QP
xIbAijtH0MRFI0YVJRBvS7uDsoLZY,LV2XZS82XY1QP
bT4Zoq8gXJ0S6W3NSvDoVY8IITaZY,LV2XZS82XY1QP
tefIuSlRVRZexYaqorz6TPgHW8fZY,LV2XZS82XY1QP
TD2R3soyMSnzllokgpH0BCAtouFZY,LV2XZS82XY1QP
